time_s,peak_offset_hz,peak_frequency_hz,peak_power_db,noise_floor_db,snr_db,rms,peak_amplitude,crest_factor_db
0.0,-5875.04031249237,7094124.959687508,44.16109579692729,1.966237153932429,42.19485864299486,0.09907444566488266,0.22071553766727448,6.957425117492676
0.08534114135992996,-5875.0069762823305,7094124.993023718,41.54095431277761,2.554923427738849,38.98603088503876,0.09858107566833496,0.22349795699119568,7.109600067138672
0.1706822827198599,-5875.0069762823305,7094124.993023718,34.731340646972264,4.246265331971818,30.485075315000444,0.09229153394699097,0.22349795699119568,7.682233810424805
0.2560234240797899,-5874.840295232134,7094125.159704768,31.9105531934447,5.823292568415024,26.087260625029675,0.08737970888614655,0.22349795699119568,8.157258987426758
0.3413645654397198,-5875.07364870241,7094124.926351298,35.90063578977933,4.331399687551167,31.56923610222816,0.09115386754274368,0.22349795699119568,7.789968967437744
0.4267057067996498,-5875.04031249237,7094124.959687508,41.3453046809279,0.6386986998885995,40.7066059810393,0.09274740517139435,0.21272151172161102,7.210193157196045
0.5120468481595798,-5875.04031249237,7094124.959687508,42.0729503820644,-0.8763187122712488,42.94926909433565,0.09531525522470474,0.21272151172161102,6.972979545593262
0.5973879895195097,-5875.0069762823305,7094124.993023718,41.8279591886627,-0.09965134564286766,41.92761053430557,0.09569763392210007,0.2073373943567276,6.715528964996338
0.6827291308794396,-5875.0069762823305,7094124.993023718,41.86079388081723,-0.6200998878468675,42.4808937686641,0.097446009516716,0.2073373943567276,6.558271408081055
0.7680702722393696,-5875.0069762823305,7094124.993023718,42.327234995402605,-1.3947192603415952,43.7219542557442,0.10053270310163498,0.21092669665813446,6.436483860015869
0.8534114135992996,-5875.0069762823305,7094124.993023718,43.17901683318276,-0.8312916043987892,44.01030843758155,0.10076280683279037,0.21092669665813446,6.4166259765625
0.9387525549592295,-5875.0069762823305,7094124.993023718,42.539779429597566,1.2538186230754242,41.28596080652214,0.0966557115316391,0.21092669665813446,6.778080463409424
1.0240936963191596,-5875.07364870241,7094124.926351298,39.74344638367248,2.2743686628360416,37.46907772083644,0.08726465702056885,0.21092669665813446,7.665863037109375
1.1094348376790895,-5875.07364870241,7094124.926351298,38.08354446299608,2.7584551828104145,35.325089280185665,0.07412522286176682,0.2093760371208191,9.019218444824219
1.1947759790390193,-5875.07364870241,7094124.926351298,33.62267671479167,0.4982282895174208,33.12444842527425,0.06357436627149582,0.21239811182022095,10.477372169494629
1.2801171203989494,-5874.940303862252,7094125.059696138,24.852806765837606,2.977265981739918,21.875540784097687,0.06206371262669563,0.21239811182022095,10.686258316040039
1.3654582617588793,-5874.506933131741,7094125.493066868,20.739882048210397,6.826226901758076,13.91365514645232,0.06303785741329193,0.21239811182022095,10.550984382629395
1.4507994031188092,-5874.506933131741,7094125.493066868,21.505334411617994,6.888683694349428,14.616650717268566,0.0628126785159111,0.21239811182022095,10.582066535949707
1.5361405444787393,-5874.506933131741,7094125.493066868,23.185937457575406,4.400606103283754,18.785331354291653,0.05591690167784691,0.21225611865520477,11.586341857910156
1.6214816858386691,-5874.506933131741,7094125.493066868,25.31577492410191,0.5545326998454904,24.761242224256417,0.045825306326150894,0.21225611865520477,13.315095901489258
1.7068228271985992,-5874.506933131741,7094125.493066868,27.40857934812459,-0.08360783191466127,27.492187180039252,0.03679819032549858,0.21225611865520477,15.220675468444824
1.792163968558529,-5874.506933131741,7094125.493066868,28.213034568014205,1.1892099705779768,27.023824597436228,0.04233665391802788,0.20569472014904022,13.730131149291992
1.877505109918459,-5874.506933131741,7094125.493066868,27.095807702577122,2.652644270191793,24.44316343238533,0.06593269109725952,0.20656771957874298,9.919232368469238
1.962846251278389,-5875.106984912449,7094124.893015088,35.101237306157614,2.948993019778717,32.152244286378895,0.07755260914564133,0.20870432257652283,8.598700523376465
2.048187392638319,-5875.140321122488,7094124.8596788775,38.13281225392898,1.4186328896984892,36.714179364230496,0.08894897997379303,0.21003909409046173,7.4631829261779785
2.133528533998249,-5875.140321122488,7094124.8596788775,35.51119571666957,0.6979433760101346,34.81325234065943,0.09608418494462967,0.21003909409046173,6.792964935302734
2.218869675358179,-5875.106984912449,7094124.893015088,31.98283385530376,1.4451300089943389,30.53770384630942,0.09432240575551987,0.21003909409046173,6.953704833984375
2.304210816718109,-5875.04031249237,7094124.959687508,39.402389808612114,0.5646318200164349,38.837757988595676,0.09438864141702652,0.21003909409046173,6.94760799407959
2.3895519580780387,-5875.0069762823305,7094124.993023718,42.630012880866005,-1.549843893635304,44.17985677450131,0.09223361313343048,0.2054842710494995,6.95778751373291
2.4748930994379688,-5874.973640072291,7094125.026359928,43.39943512518193,-1.9134387416120633,45.31287386679399,0.09191378951072693,0.2095804065465927,7.15939998626709
2.560234240797899,-5874.973640072291,7094125.026359928,40.60719250787625,-1.8802458265464783,42.48743833442273,0.08624755591154099,0.2095804065465927,7.712078094482422
2.6455753821578285,-5874.940303862252,7094125.059696138,36.470081242001314,-2.2115252391191498,38.68160648112046,0.08026135712862015,0.2095804065465927,8.336883544921875
2.7309165235177586,-5874.906967652213,7094125.093032348,37.851303870679146,-1.829525239303859,39.68082910998301,0.08188778162002563,0.2095804065465927,8.16263198852539
2.8162576648776887,-5874.906967652213,7094125.093032348,37.1894503021931,-0.6346582287831247,37.824108530976225,0.07915519177913666,0.20502109825611115,8.266383171081543
2.9015988062376183,-5874.840295232134,7094125.159704768,37.58311307470168,-0.5271465743362017,38.11025964903788,0.09179999679327011,0.20502109825611115,6.979117393493652
2.9869399475975484,-5874.806959022095,7094125.193040978,43.450233797326455,-1.3642930353392986,44.814526832665756,0.11332498490810394,0.20502109825611115,5.1494574546813965
3.0722810889574785,-5874.806959022095,7094125.193040978,47.23962686034334,-2.1685052797548785,49.40813214009822,0.1258517950773239,0.20520024001598358,4.246368885040283
3.157622230317408,-5874.773622812056,7094125.226377188,48.60764988784191,-2.16539209754667,50.77304198538858,0.1341896653175354,0.20886118710041046,3.8427734375
3.2429633716773383,-5874.773622812056,7094125.226377188,47.65978980496752,-2.197562084882508,49.85735188985002,0.13669177889823914,0.2107292115688324,3.7596468925476074
3.3283045130372684,-5874.773622812056,7094125.226377188,42.91491260109861,-3.08005963919932,45.994972240297926,0.12805046141147614,0.2107292115688324,4.326871871948242
3.4136456543971985,-5874.906967652213,7094125.093032348,44.699020985779505,-2.6347849105143197,47.333805896293825,0.11822884529829025,0.2107292115688324,5.020026206970215
3.498986795757128,-5874.906967652213,7094125.093032348,39.676056917216734,-1.609507207625792,41.28556412484252,0.11669202148914337,0.2107292115688324,5.133671283721924
3.584327937117058,-5875.0069762823305,7094124.993023718,41.5582596785634,-1.7659686010178537,43.324228279581256,0.10779495537281036,0.2102479785680771,5.802668571472168
3.6696690784769883,-5874.973640072291,7094125.026359928,43.26428550971541,0.09039921260368702,43.17388629711172,0.09471914917230606,0.2102479785680771,6.925880432128906
3.755010219836918,-5874.973640072291,7094125.026359928,37.33582439522805,0.3278335723440583,37.007990822884,0.08662644773721695,0.2102479785680771,7.701625823974609
3.840351361196848,-5874.473596921701,7094125.526403078,25.718409320153327,-1.5740740909316409,27.29248341108497,0.08443793654441833,0.20821672677993774,7.839560508728027
3.925692502556778,-5883.341028792164,7094116.658971208,31.40617845506113,-1.3061876315151117,32.71236608657624,0.08829282224178314,0.20774760842323303,7.432212829589844
4.011033643916708,-5877.207166144927,7094122.792833855,37.9015381519461,-1.0820493582203385,38.98358751016644,0.09766943007707596,0.20949535071849823,6.628314971923828
4.096374785276638,-5877.173829934887,7094122.826170065,37.0884196441664,1.1328192540023414,35.95560039016406,0.10667913407087326,0.20949535071849823,5.861897945404053
4.181715926636568,-5879.374019797484,7094120.625980202,34.36660080837563,1.6087765382932786,32.75782427008235,0.10081309825181961,0.20987668633460999,6.368945121765137
4.267057067996498,-5880.140752628388,7094119.859247372,33.95499108979571,0.04159986281548825,33.913391226980224,0.10116492956876755,0.20987668633460999,6.338684558868408
4.352398209356428,-5875.07364870241,7094124.926351298,38.27223369635755,0.24998943654065592,38.022244259816894,0.09525551646947861,0.22917219996452332,7.625436305999756
4.437739350716358,-5875.07364870241,7094124.926351298,37.59871729682445,2.8216847574385557,34.77703253938589,0.08459603041410446,0.22917219996452332,8.65623950958252
4.5230804920762875,-5875.0069762823305,7094124.993023718,33.82452339441971,4.603720183446689,29.220803210973017,0.08328486233949661,0.22917219996452332,8.79191780090332
4.608421633436218,-5875.0069762823305,7094124.993023718,38.460226701710475,3.1545978872774088,35.305628814433064,0.07315726578235626,0.22917219996452332,9.918088912963867
4.693762774796148,-5874.973640072291,7094125.026359928,41.20524888939506,-0.15712222922383404,41.362371118618896,0.0712299570441246,0.21652165055274963,9.65677261352539
4.779103916156077,-5874.940303862252,7094125.059696138,39.844022390001975,-0.7082860384297995,40.55230842843177,0.06745889037847519,0.21495583653450012,10.066200256347656
4.864445057516008,-5874.906967652213,7094125.093032348,37.013827276478985,0.10198054056732027,36.911846735911666,0.057595960795879364,0.21495583653450012,11.439144134521484
4.9497861988759375,-5874.906967652213,7094125.093032348,32.21881601651515,0.01894417887044063,32.19987183764471,0.048892147839069366,0.15280775725841522,9.898125648498535
5.035127340235867,-5874.906967652213,7094125.093032348,28.074505059724032,-0.431099361296821,28.505604421020852,0.045607682317495346,0.18348544836044312,12.091273307800293
5.120468481595798,-5874.940303862252,7094125.059696138,30.360694362902244,-1.322068335006666,31.68276269790891,0.062239810824394226,0.20941783487796783,10.538908004760742
5.205809622955727,-5879.107330117169,7094120.892669883,32.01139855194407,-0.8481203100651504,32.85951886200922,0.08397872000932693,0.21095067262649536,8.000232696533203
5.291150764315657,-5882.407614911063,7094117.592385089,36.36347018491226,-0.7680981509970964,37.13156833590936,0.08994489908218384,0.21095067262649536,7.404087066650391
5.3764919056755875,-5882.440951121102,7094117.559048879,36.56277506842304,-0.8653806288115873,37.42815569723463,0.09417988359928131,0.21095067262649536,7.00445556640625
5.461833047035517,-5879.940735368153,7094120.059264632,32.463300458421806,3.094852719474658,29.368447738947147,0.08735889941453934,0.21095067262649536,7.657475471496582
5.547174188395447,-5879.907399158113,7094120.092600842,29.285134691237253,4.6725249894129135,24.61260970182434,0.07574160397052765,0.2090524137020111,8.818413734436035
5.632515329755377,-5878.5406145465,7094121.459385454,32.339897798937244,3.6055188909262936,28.73437890801095,0.07553490996360779,0.21172639727592468,8.952546119689941
5.717856471115307,-5878.507278336461,7094121.492721664,33.91376386633077,2.1359705074525586,31.77779335887821,0.07704365998506546,0.21172639727592468,8.780762672424316
5.803197612475237,-5877.007148884691,7094122.992851116,35.52365119524004,2.458372443749022,33.06527875149102,0.07864218950271606,0.21172639727592468,8.602388381958008
5.888538753835167,-5876.9738126746515,7094123.026187325,38.34437055515531,0.6208290843298703,37.72354147082544,0.07715501636266708,0.21172639727592468,8.768217086791992
5.973879895195097,-5876.9738126746515,7094123.026187325,39.742351654668816,-1.1393628043985986,40.88171445906742,0.07847806066274643,0.21114952862262726,8.596837043762207
6.0592210365550265,-5876.940476464612,7094123.059523535,39.93391212668399,-2.1337810269830153,42.06769315366701,0.07965811342000961,0.21081553399562836,8.453451156616211
6.144562177914957,-5876.940476464612,7094123.059523535,39.126806931765316,-0.7097360675349966,39.83654299930031,0.07759712636470795,0.2099965363740921,8.647329330444336
6.229903319274887,-5876.907140254572,7094123.092859745,37.66324591833377,0.8134800322842404,36.84976588604953,0.07606444507837296,0.2099965363740921,8.820608139038086
6.315244460634816,-5876.907140254572,7094123.092859745,37.15492782210626,-1.477805520808518,38.632733342914776,0.0761961042881012,0.2099965363740921,8.805587768554688
6.400585601994747,-5876.907140254572,7094123.092859745,37.71121574753168,-2.0899601807019543,39.80117592823363,0.06958333402872086,0.1945294439792633,8.929601669311523
6.485926743354677,-5876.907140254572,7094123.092859745,34.0488124328384,-1.696990374304914,35.74580280714332,0.07399117946624756,0.20770619809627533,8.9653902053833
6.571267884714606,-5874.440260711662,7094125.559739288,27.17898356778235,-1.8235689396240942,29.002552507406445,0.08370950818061829,0.20826144516468048,7.91668176651001
6.656609026074537,-5875.07364870241,7094124.926351298,35.03538719108347,-1.3576485818412145,36.39303577292469,0.09976942092180252,0.20826144516468048,6.392228603363037
6.741950167434466,-5874.940303862252,7094125.059696138,41.98488834771793,-1.5091525509844694,43.494040898702394,0.11556902527809143,0.20826144516468048,5.115348815917969
6.827291308794397,-5874.873631442173,7094125.126368558,45.101375401065454,-1.7706901858944506,46.872065586959906,0.12076617032289505,0.20859095454216003,4.74700403213501
6.912632450154327,-5874.840295232134,7094125.159704768,45.26499796559847,-1.5240834827789955,46.789081448377466,0.12793166935443878,0.20859095454216003,4.246347904205322
6.997973591514256,-5874.806959022095,7094125.193040978,46.198376885744835,-1.2103914626054522,47.408768348350286,0.12356948852539062,0.21284548938274384,4.723064422607422
7.083314732874187,-5874.773622812056,7094125.226377188,46.72080871651733,-1.5340651525927942,48.25487386911013,0.1179182156920433,0.21284548938274384,5.129671096801758
7.168655874234116,-5874.773622812056,7094125.226377188,44.87283492111206,-2.478223448805668,47.35105836991772,0.11676967144012451,0.2135276198387146,5.242480278015137
7.253997015594046,-5874.773622812056,7094125.226377188,43.511117847235866,-2.9226555807902153,46.43377342802608,0.10633779317140579,0.2135276198387146,6.055328369140625
7.339338156953977,-5874.773622812056,7094125.226377188,42.20878013346418,-2.5385290556973548,44.747309189161534,0.09977767616510391,0.2135276198387146,6.6084136962890625
7.424679298313906,-5874.773622812056,7094125.226377188,38.623555497099495,-1.6323916407616637,40.255947137861156,0.08886098116636276,0.2135276198387146,7.614859580993652
7.510020439673836,-5875.6737004831175,7094124.3262995165,32.4824293410204,-1.0518881159876616,33.53431745700806,0.08728746324777603,0.21076352894306183,7.656871795654297
7.5953615810337665,-5880.5741233589,7094119.425876641,34.495868737231405,0.9783198423205788,33.517548894910824,0.09194352477788925,0.21162846684455872,7.241058349609375
7.680702722393696,-5880.5741233589,7094119.425876641,39.00671829634058,1.0404838689588698,37.96623442738171,0.08983834832906723,0.21162846684455872,7.442246437072754
7.766043863753626,-5880.507450938821,7094119.492549061,34.95466239604747,-0.36665332753044355,35.32131572357791,0.0963158831000328,0.21162846684455872,6.837522983551025
7.851385005113556,-5876.54044194414,7094123.459558056,34.609021304172586,-0.14007655776847222,34.74909786194106,0.09725814312696457,0.21162846684455872,6.752962589263916
7.936726146473486,-5876.573778154179,7094123.426221846,36.43787915747249,0.971210798492536,35.46666835897995,0.08934305608272552,0.20984527468681335,7.4167680740356445
8.022067287833416,-5876.673786784298,7094123.3262132155,31.308676954513317,0.868358647494927,30.44031830701839,0.09009777754545212,0.21040837466716766,7.366978645324707
8.107408429193345,-5877.340510985084,7094122.659489015,32.98652891303343,-0.322643876167664,33.3091727892011,0.08917488157749176,0.21125370264053345,7.491235733032227
8.192749570553277,-5877.307174775045,7094122.692825225,31.075711012014843,-0.3811588099049176,31.45686982191976,0.0853130891919136,0.21125370264053345,7.8757734298706055
8.278090711913206,-5917.443971662405,7094082.556028337,30.546608260884366,-0.6646415911578447,31.21124985204221,0.08392123132944107,0.21125370264053345,8.01865005493164
8.363431853273136,-5917.443971662405,7094082.556028337,28.164861872575795,-0.7920329127392032,28.956894785314997,0.0790027529001236,0.21125370264053345,8.543242454528809
8.448772994633066,-5881.940907970513,7094118.05909203,28.226369108673985,-1.798336611373298,30.024705720047283,0.07336690276861191,0.2100399285554886,9.136033058166504
8.534114135992995,-5881.940907970513,7094118.05909203,27.797426896677067,-2.1260417109434284,29.923468607620496,0.06936600059270859,0.2100399285554886,9.623104095458984
8.619455277352925,-5875.04031249237,7094124.959687508,31.7901786974793,-0.9322161925847943,32.722394890064095,0.07027864456176758,0.1995767503976822,9.065731048583984
8.704796418712856,-5875.0069762823305,7094124.993023718,34.98110982311885,-0.7771576811341412,35.75826750425299,0.07679926604032516,0.2085718959569931,8.677974700927734
8.790137560072786,-5874.940303862252,7094125.059696138,40.10332137669182,0.4191738290312731,39.684147547660544,0.09075927734375,0.21253173053264618,7.390654563903809
8.875478701432716,-5874.940303862252,7094125.059696138,42.031603055019495,0.13182238901582297,41.89978066600367,0.10094761848449707,0.21253173053264618,6.466553688049316
8.960819842792645,-5874.906967652213,7094125.093032348,43.71035828572293,-1.8273699091462738,45.5377281948692,0.10945528000593185,0.21253173053264618,5.7637410163879395
9.046160984152575,-5874.906967652213,7094125.093032348,42.97940376527167,-1.58778444871677,44.56718821398844,0.11484110355377197,0.21253173053264618,5.346529006958008
9.131502125512505,-5874.906967652213,7094125.093032348,43.93700841388962,-1.804176586192088,45.74118500008171,0.1145678162574768,0.21242277324199677,5.362768650054932
9.216843266872436,-5874.873631442173,7094125.126368558,42.83231842354066,-3.3150548334896324,46.147373257030296,0.1204201802611351,0.21242277324199677,4.930035591125488
9.302184408232366,-5874.873631442173,7094125.126368558,44.65470883350399,-3.87745035742848,48.53215919093247,0.1179131492972374,0.21349722146987915,5.156599998474121
9.387525549592295,-5874.840295232134,7094125.159704768,43.80700474482655,-1.5458612303895551,45.352865975216105,0.11261743307113647,0.21349722146987915,5.555731773376465
9.472866690952225,-5874.840295232134,7094125.159704768,41.18537350736979,0.9762977225450233,40.20907578482477,0.10670976340770721,0.21349722146987915,6.023761749267578
9.558207832312155,-5874.840295232134,7094125.159704768,35.42731015023892,0.14529011391674962,35.282020036322166,0.09364443272352219,0.21349722146987915,7.158205509185791
9.643548973672084,-5874.840295232134,7094125.159704768,34.481315382297765,-1.8828526316019447,36.36416801389971,0.08560057729482651,0.21182142198085785,7.869863510131836
9.728890115032016,-5874.873631442173,7094125.126368558,36.900646127974866,-3.019529342443274,39.920175470418144,0.08681385219097137,0.21452273428440094,7.8576860427856445
9.814231256391945,-5874.873631442173,7094125.126368558,38.62176131467078,-2.940874557173483,41.56263587184426,0.09097325056791306,0.21452273428440094,7.4511919021606445
9.899572397751875,-5874.873631442173,7094125.126368558,39.014466813772934,-1.3013954432847488,40.31586225705768,0.09395185112953186,0.21452273428440094,7.171359539031982
9.984913539111805,-5874.806959022095,7094125.193040978,41.7532402220695,-0.5667476107477853,42.31998783281728,0.0972299724817276,0.21452273428440094,6.8734636306762695
10.070254680471734,-5874.806959022095,7094125.193040978,43.898628160625435,-1.9497445937865079,45.84837275441194,0.09467572718858719,0.2115788757801056,6.984673500061035
10.155595821831664,-5874.806959022095,7094125.193040978,43.69815867690248,-3.47601361895195,47.17417229585443,0.08500976860523224,0.2115788757801056,7.920069694519043
10.240936963191595,-5874.806959022095,7094125.193040978,39.50704804826677,-3.6963922385431314,43.2034402868099,0.07158208638429642,0.158192977309227,6.887657165527344
10.326278104551525,-5874.740286602016,7094125.259713398,36.65763624786723,-3.1172968494009448,39.774933097268175,0.06495898216962814,0.15368063747882843,7.479598522186279
10.411619245911455,-5874.7069503919765,7094125.293049608,34.8929104335751,-2.485427412085775,37.37833784566088,0.056492917239665985,0.14992903172969818,8.477834701538086
10.496960387271384,-5875.240329752606,7094124.759670247,29.3652652535623,-2.2800039581186775,31.645269211680976,0.0545220784842968,0.17271265387535095,10.015035629272461
10.582301528631314,-5875.240329752606,7094124.759670247,28.128489553875433,-2.0858943899784372,30.21438394385387,0.0533454455435276,0.17271265387535095,10.204536437988281
10.667642669991244,-5876.673786784298,7094123.3262132155,26.608660402477263,-2.2160801945715467,28.82474059704881,0.05337833613157272,0.17271265387535095,10.199182510375977
10.752983811351175,-5881.207511349647,7094118.79248865,24.60348527644459,-1.7207791145665672,26.32426439101116,0.056717414408922195,0.20766042172908783,11.272746086120605
10.838324952711105,-5878.007235185871,7094121.992764814,32.034825258109244,-0.4348199334296099,32.46964519153885,0.05817651003599167,0.20851220190525055,11.087676048278809
10.923666094071034,-5878.007235185871,7094121.992764814,34.79765271086067,0.8881536471555292,33.90949906370514,0.07176634669303894,0.21029603481292725,9.338205337524414
11.009007235430964,-5878.107243815989,7094121.892756184,33.033774059645566,1.3678885223792168,31.665885537266348,0.0806938111782074,0.21029603481292725,8.319817543029785
11.094348376790894,-5878.973985277012,7094121.026014723,33.794055767213926,1.5004624530060502,32.293593314207875,0.08576498925685883,0.21029603481292725,7.7904205322265625
11.179689518150825,-5880.407442308703,7094119.592557691,33.750358657493756,1.136477166500044,32.61388149099371,0.08573006838560104,0.21029603481292725,7.7939581871032715
11.265030659510755,-5880.407442308703,7094119.592557691,34.539007988433774,0.18656024798387655,34.3524477404499,0.07583767920732498,0.2062419205904007,8.689838409423828
11.350371800870684,-5880.407442308703,7094119.592557691,27.133263046945512,0.8348408800093439,26.298422166936167,0.06947609782218933,0.20508313179016113,9.401890754699707
11.435712942230614,-5880.940821669333,7094119.059178331,27.657378672306777,2.72532824278247,24.932050429524306,0.06208762526512146,0.20457051694393158,10.356760025024414
11.521054083590544,-5880.407442308703,7094119.592557691,27.556882051977652,2.957053399623903,24.59982865235375,0.06435789912939072,0.20457051694393158,10.04482364654541
11.606395224950473,-5880.474114728781,7094119.525885271,31.09697196316646,3.4402696383023894,27.65670232486407,0.0728878453373909,0.20457051694393158,8.96375846862793
11.691736366310405,-5881.707554500237,7094118.292445499,32.08913388732255,1.6333194831948943,30.45581440412765,0.06759977340698242,0.19779033958911896,9.325197219848633
11.777077507670334,-5881.740890710276,7094118.259109289,31.27788409585381,0.4474294908047806,30.83045460504903,0.06727534532546997,0.19779033958911896,9.366982460021973
11.862418649030264,-5875.373674592764,7094124.626325407,27.143469536835493,0.6035740891508735,26.539895447684618,0.06755392998456955,0.19779033958911896,9.33108901977539
11.947759790390194,-5876.240416053786,7094123.759583946,27.46722970227985,0.8567408952004055,26.610488807079445,0.06425651907920837,0.18948814272880554,9.39329719543457
12.033100931750123,-5876.3404246839045,7094123.659575316,28.62244488126173,1.2048416885516346,27.417603192710093,0.06896382570266724,0.2006080150604248,9.27453899383545
12.118442073110053,-5876.3404246839045,7094123.659575316,29.441190806377495,1.974448641314316,27.46674216506318,0.07028783112764359,0.2006080150604248,9.109362602233887
12.203783214469984,-5877.373847195124,7094122.626152805,29.756091323813195,1.7006545747558983,28.055436749057296,0.07516013830900192,0.2006080150604248,8.527214050292969
12.289124355829914,-5875.240329752606,7094124.759670247,33.592944337319906,1.8628020401945369,31.73014229712537,0.08024806529283524,0.20131105184555054,7.9886603355407715
12.374465497189844,-5875.240329752606,7094124.759670247,35.976298292484195,1.5017016919374704,34.474596600546725,0.08567246794700623,0.20131105184555054,7.420526504516602
12.459806638549773,-5875.407010802803,7094124.592989197,35.92894518665136,0.6746782695009346,35.254266917150424,0.09612394869327545,0.20164072513580322,6.434932708740234
12.545147779909703,-5876.807131624455,7094123.192868375,34.45477701972154,0.8670430957495416,33.587733923971996,0.0916893482208252,0.20164072513580322,6.845187187194824
12.630488921269633,-5880.640795778979,7094119.359204221,34.57774354771076,0.8976424497398172,33.68010109797094,0.09403172135353088,0.20164072513580322,6.626076698303223
12.715830062629564,-5876.673786784298,7094123.3262132155,32.6506586704767,1.0009964284735742,31.649662242003128,0.09375720471143723,0.20164072513580322,6.651472091674805
12.801171203989494,-5876.607114364218,7094123.392885636,38.23881396109752,0.9161503220722191,37.3226636390253,0.0887620821595192,0.20068243145942688,7.08563756942749
12.886512345349423,-5876.607114364218,7094123.392885636,35.565092887688095,1.213955559731693,34.3511373279564,0.09554602205753326,0.20068243145942688,6.445934772491455
12.971853486709353,-5880.240761258507,7094119.759238741,33.87363335041411,1.545286487198702,32.32834686321541,0.08874731510877609,0.19768036901950836,6.9561662673950195
13.057194628069283,-5880.04074399827,7094119.959256002,35.593343199223185,1.7999273147543176,33.793415884468864,0.0897897407412529,0.19930168986320496,6.925685405731201
13.142535769429212,-5876.740459204376,7094123.259540795,36.302551260040026,2.8167088159003044,33.48584244413972,0.09449736773967743,0.19971147179603577,6.499666690826416
13.227876910789144,-5876.707122994337,7094123.292877005,40.82206805573544,2.0493295959103213,38.77273845982512,0.0909804254770279,0.19971147179603577,6.829100608825684
13.313218052149074,-5876.673786784298,7094123.3262132155,38.596405742577204,1.927134256288512,36.66927148628869,0.09222764521837234,0.19971147179603577,6.710838317871094
13.398559193509003,-5876.573778154179,7094123.426221846,35.88957394390427,1.8228416681715192,34.06673227573275,0.08938639611005783,0.19971147179603577,6.982631683349609
13.483900334868933,-5876.573778154179,7094123.426221846,31.84021409831262,1.956976811929159,29.883237286383462,0.08096678555011749,0.19969519972801208,7.841214656829834
13.569241476228862,-5878.973985277012,7094121.026014723,31.223274115575983,2.715660548177385,28.507613567398597,0.08210988342761993,0.19969519972801208,7.719444274902344
13.654582617588794,-5880.274097468546,7094119.725902531,29.919579851174262,3.9561441462069213,25.963435704967342,0.07972712069749832,0.19969519972801208,7.975230693817139
13.739923758948724,-5881.374192399844,7094118.6258076,33.779272466158915,3.340944879446301,30.438327586712614,0.07558324933052063,0.19969519972801208,8.438840866088867
13.825264900308653,-5876.573778154179,7094123.426221846,31.178763088899885,3.533695553125507,27.645067535774377,0.07148122042417526,0.19881853461265564,8.885297775268555
13.910606041668583,-5876.573778154179,7094123.426221846,34.10251717461912,3.9279936667313415,30.17452350788778,0.06406362354755402,0.18690207600593567,9.300052642822266
13.995947183028512,-5876.54044194414,7094123.459558056,32.459189433338196,3.2570918358563534,29.202097597481842,0.06352786719799042,0.20898716151714325,10.343107223510742
14.081288324388442,-5876.54044194414,7094123.459558056,32.65312258896084,3.6989760102104015,28.95414657875044,0.06153005361557007,0.20898716151714325,10.620646476745605
14.166629465748374,-5880.140752628388,7094119.859247372,28.642881029188068,5.189062897510823,23.453818131677245,0.060016002506017685,0.20898716151714325,10.837050437927246
14.251970607108303,-5880.107416418349,7094119.892583582,21.233918917156053,4.473512124996098,16.760406792159955,0.05847916379570961,0.20898716151714325,11.062369346618652
14.337311748468233,-5876.6404505742585,7094123.359549426,22.807269935591357,3.6978337272736184,19.10943620831774,0.05734489485621452,0.20328833162784576,10.992354393005371
14.422652889828163,-5876.373760893944,7094123.626239106,27.71964918294394,3.0434719167675963,24.676177266176342,0.05744680017232895,0.20119264721870422,10.88692569732666
14.507994031188092,-5876.3404246839045,7094123.659575316,32.052401318593006,3.045308262096865,29.007093056496142,0.05841492861509323,0.17572611570358276,9.566248893737793
14.593335172548022,-5876.3070884738645,7094123.692911526,28.351086660845016,3.2279404600323605,25.123146200812656,0.05943424627184868,0.17926190793514252,9.589024543762207
14.678676313907953,-5875.307002172684,7094124.692997827,24.909123688721095,3.4747088134713824,21.434414875249715,0.06350838392972946,0.19843712449073792,9.895837783813477
14.764017455267883,-5876.707122994337,7094123.292877005,26.163610432251314,3.447640341352943,22.71597009089837,0.07146700471639633,0.19843712449073792,8.870346069335938
14.849358596627813,-5876.740459204376,7094123.259540795,33.55551795649384,3.8190581710761147,29.736459785417722,0.0779600515961647,0.2001355141401291,8.189040184020996
14.934699737987742,-5876.773795414416,7094123.226204585,33.54223265667571,3.429925763539896,30.112306893135813,0.09228941798210144,0.2001355141401291,6.723444938659668
15.020040879347672,-5877.240502354966,7094122.759497645,38.64243854543486,3.114910398691854,35.527528146743,0.09289286285638809,0.2001355141401291,6.666835784912109
15.105382020707601,-5877.240502354966,7094122.759497645,36.616838180497936,3.2812490742160616,33.33558910628187,0.09222761541604996,0.2001355141401291,6.729263782501221
15.190723162067533,-5876.373760893944,7094123.626239106,31.33419815671957,3.8341769030499124,27.500021253669658,0.09342797100543976,0.198769673705101,6.557464599609375
15.276064303427463,-5878.673959386658,7094121.326040613,33.618902485044586,3.4040287872039148,30.214873697840673,0.08385774493217468,0.198769673705101,7.496138572692871
15.361405444787392,-5878.640623176619,7094121.3593768235,33.30370865138735,3.651975329619118,29.651733321768234,0.08194487541913986,0.198769673705101,7.696566581726074
15.446746586147322,-5876.240416053786,7094123.759583946,31.90922341748459,3.5298524453304476,28.379370972154142,0.0824042335152626,0.1976250410079956,7.597848892211914
15.532087727507252,-5876.240416053786,7094123.759583946,30.738623704443032,3.7126431734357697,27.025980531007264,0.07872960716485977,0.1976250410079956,7.994077205657959
15.617428868867181,-5881.04083029945,7094118.959169701,28.741082126396904,4.4302515949748855,24.31083053142202,0.07951635867357254,0.2036633938550949,8.169130325317383
15.702770010227113,-5876.04039879355,7094123.959601207,28.01002687793311,4.328456251673902,23.68157062625921,0.0815248191356659,0.2036633938550949,7.952462196350098
15.788111151587042,-5875.340338382724,7094124.659661617,30.71003254590785,4.13186242653397,26.57817011937388,0.0823553204536438,0.2036633938550949,7.864426612854004
15.873452292946972,-5875.740372903196,7094124.259627096,34.562265441521106,3.6477067993315173,30.91455864218959,0.07730194181203842,0.2036633938550949,8.414451599121094
15.958793434306902,-5875.773709113236,7094124.226290887,32.148488578130184,3.710965966051379,28.437522612078805,0.07292991131544113,0.20841431617736816,9.120437622070312
16.04413457566683,-5875.607028063038,7094124.392971937,21.85492024859545,5.058124548427788,16.796795700167664,0.07744041085243225,0.20841431617736816,8.599197387695312
16.12947571702676,-5880.274097468546,7094119.725902531,28.832475944489072,3.278384528087941,25.554091416401132,0.07816901803016663,0.20841431617736816,8.517858505249023
16.21481685838669,-5880.407442308703,7094119.592557691,33.338055725405106,-0.01598817600329097,33.354043901408396,0.08871321380138397,0.20841431617736816,7.418785095214844
16.30015799974662,-5882.707640801417,7094117.292359198,31.0863560014179,-0.26491904953441126,31.351275050952314,0.09434021264314651,0.20772480964660645,6.855830669403076
16.385499141106553,-5882.740977011456,7094117.259022988,29.196959239454962,2.5934665991786923,26.60349264027627,0.09108242392539978,0.20772480964660645,7.161076068878174
16.470840282466483,-5876.3404246839045,7094123.659575316,30.746029714173737,3.4072552264192795,27.338774487754456,0.08673254400491714,0.20772480964660645,7.58612585067749
16.556181423826413,-5876.373760893944,7094123.626239106,30.775276956210536,2.064201189803023,28.711075766407514,0.07922212779521942,0.217913419008255,8.788749694824219
16.641522565186342,-5875.307002172684,7094124.692997827,29.95830848737029,2.453929410115551,27.50437907725474,0.07593803107738495,0.217913419008255,9.156493186950684
16.726863706546272,-5875.307002172684,7094124.692997827,35.85602607626578,2.0663764320262317,33.789649644239546,0.0770692303776741,0.217913419008255,9.028059005737305
16.8122048479062,-5875.340338382724,7094124.659661617,40.02537326002914,1.0018626048767434,39.0235106551524,0.08665678650140762,0.217913419008255,8.009628295898438
16.89754598926613,-5875.340338382724,7094124.659661617,41.3341677815916,0.4308834038588852,40.90328437773272,0.09132128953933716,0.2086377739906311,7.176418304443359
16.98288713062606,-5875.373674592764,7094124.626325407,36.4331897802121,-0.00032095354775023527,36.43351073375985,0.08731328696012497,0.2086377739906311,7.5662522315979
17.06822827198599,-5875.373674592764,7094124.626325407,30.628522603146283,-0.012505771563194126,30.641028374709478,0.08886738866567612,0.2086377739906311,7.413010597229004
17.15356941334592,-5876.207079843747,7094123.792920156,33.55280091046397,-0.5373063573502286,34.090107267814204,0.0814598947763443,0.2086377739906311,8.168981552124023
17.23891055470585,-5876.207079843747,7094123.792920156,32.37550262951529,-0.07609477154769098,32.45159740106298,0.08181284368038177,0.21157212555408478,8.252738952636719
17.32425169606578,-5876.9738126746515,7094123.026187325,36.163359578151685,1.3486969553976138,34.81466262275407,0.0882289856672287,0.21157212555408478,7.596942901611328
17.409592837425713,-5876.9738126746515,7094123.026187325,34.202223585772714,2.195171779159054,32.00705180661366,0.0905456393957138,0.21157212555408478,7.371817588806152
17.494933978785642,-5875.240329752606,7094124.759670247,38.54080047937448,2.9359905105822346,35.604809968792246,0.09064875543117523,0.21157212555408478,7.361932277679443
17.580275120145572,-5875.206993542567,7094124.793006457,40.065850341316306,2.5308039152950212,37.53504642602128,0.090196892619133,0.20987200736999512,7.335258483886719
17.6656162615055,-5875.240329752606,7094124.759670247,34.85930617292866,1.9921982315295292,32.867107941399134,0.08548708260059357,0.20987200736999512,7.801080226898193
17.75095740286543,-5875.240329752606,7094124.759670247,34.001554115435376,1.5360737711257886,32.46548034430959,0.08322913199663162,0.21150173246860504,8.100770950317383
17.83629854422536,-5876.6404505742585,7094123.359549426,32.81210997776556,1.4838141106917513,31.32829586707381,0.08410095423460007,0.21150173246860504,8.010260581970215
17.92163968558529,-5876.6404505742585,7094123.359549426,35.90708894842845,-0.23701962535970894,36.14410857378816,0.08283938467502594,0.21150173246860504,8.14154052734375
18.00698082694522,-5875.273665962645,7094124.726334037,33.867333475797054,0.21293434704599823,33.65439912875105,0.08141016215085983,0.21150173246860504,8.292706489562988
18.09232196830515,-5876.173743633707,7094123.826256366,33.47923729042794,0.5482920111629637,32.930945279264975,0.08301930874586105,0.20995216071605682,8.05882453918457
18.17766310966508,-5876.273752263825,7094123.726247736,33.58960154244029,0.04877934339414975,33.54082219904614,0.0890166237950325,0.20995216071605682,7.45298433303833
18.26300425102501,-5878.473942126421,7094121.526057874,37.96206578755091,-2.028284691302048,39.99035047885296,0.09351097047328949,0.20793494582176208,6.941298961639404
18.34834539238494,-5878.507278336461,7094121.492721664,33.375584779707395,-2.7050071647599925,36.080591944467386,0.0918133482336998,0.20793494582176208,7.100432395935059
18.433686533744872,-5875.54035564296,7094124.459644357,33.57266862644471,-2.898822208431337,36.47149083487605,0.07944368571043015,0.21558889746665955,8.671339988708496
18.5190276751048,-5875.573691852999,7094124.426308147,28.729911067804643,-1.4585162607891942,30.18842732859384,0.06033993884921074,0.21558889746665955,11.060430526733398
18.60436881646473,-5923.24447220925,7094076.755527791,12.467924987773253,-0.1315922868161276,12.599517274589381,0.03678541257977486,0.21558889746665955,15.359015464782715
18.68970995782466,-5880.5741233589,7094119.425876641,18.852989927833924,-0.048084205585005015,18.90107413341893,0.053960248827934265,0.21558889746665955,12.031049728393555
18.77505109918459,-5880.5741233589,7094119.425876641,26.535006544135594,0.27890594000544977,26.256100604130143,0.06022851914167404,0.21135114133358002,10.904048919677734
18.86039224054452,-5876.9738126746515,7094123.026187325,31.05109801824485,-0.2758946373038136,31.326992655548665,0.07117917388677597,0.21166029572486877,9.465729713439941
18.94573338190445,-5876.840467834494,7094123.159532165,31.749826526533308,-0.9212663865940778,32.67109291312739,0.07906795293092728,0.22038495540618896,8.903629302978516
19.03107452326438,-5915.343790429927,7094084.65620957,28.639591393236252,1.519374977415703,27.12021641582055,0.07162842899560928,0.22038495540618896,9.761930465698242
19.11641566462431,-5916.477221571265,7094083.522778429,27.00283070116424,2.5909154970047457,24.41191520415949,0.06977801024913788,0.22038495540618896,9.989267349243164
19.20175680598424,-5877.673873085478,7094122.3261269145,24.16351773030521,0.07312290330543911,24.09039482699977,0.0704781636595726,0.22038495540618896,9.902546882629395
19.28709794734417,-5875.173657332527,7094124.826342667,29.657064497733387,-0.27569978856997157,29.93276428630336,0.07286401838064194,0.20659790933132172,9.05225658416748
19.372439088704102,-5875.106984912449,7094124.893015088,33.287110493711275,0.2555654200552826,33.03154507365599,0.07383794337511063,0.20659790933132172,8.936925888061523
19.45778023006403,-5875.106984912449,7094124.893015088,32.63546250318725,0.9320171690280519,31.7034453341592,0.0805916041135788,0.20659790933132172,8.176722526550293
19.54312137142396,-5876.707122994337,7094123.292877005,27.970961877447667,0.5675312052443786,27.40343067220329,0.07748221606016159,0.20659790933132172,8.518477439880371
19.62846251278389,-5877.673873085478,7094122.3261269145,29.399986110494183,0.7428227674005081,28.657163343093675,0.0696103647351265,0.20580154657363892,9.415494918823242
19.71380365414382,-5876.6404505742585,7094123.359549426,27.765465434755846,-0.028420711963413562,27.79388614671926,0.07687807828187943,0.20580154657363892,8.552922248840332
19.79914479550375,-5882.07425281067,7094117.92574719,29.29379385007152,0.7189202765865559,28.574873573484965,0.07960326224565506,0.2053871750831604,8.23284912109375
19.88448593686368,-5882.307606280945,7094117.692393719,31.939754900170094,1.4150887072986242,30.524666192871468,0.07683760672807693,0.2053871750831604,8.539989471435547
19.96982707822361,-5875.04031249237,7094124.959687508,32.42589538359428,0.9121659892252767,31.513729394369005,0.08500582724809647,0.20627877116203308,7.7001166343688965
20.05516821958354,-5875.0069762823305,7094124.993023718,31.530076284232813,0.10719342328648193,31.42288286094633,0.0855710357427597,0.20719489455223083,7.6810455322265625
20.14050936094347,-5876.473769524061,7094123.526230476,31.074328686383403,0.11917443884616982,30.955154247537234,0.08684074878692627,0.20719489455223083,7.553110122680664
20.2258505023034,-5876.507105734101,7094123.492894266,35.84594379090048,0.4244123944583112,35.42153139644217,0.09555710107088089,0.20719489455223083,6.7223219871521
20.311191643663328,-5876.07373500359,7094123.926264997,34.788961103062604,-0.21591327996430607,35.00487438302691,0.09775161743164062,0.20809681713581085,6.562829971313477
20.39653278502326,-5876.107071213629,7094123.892928787,34.84780613686192,1.137980575192862,33.70982556166906,0.10128820687532425,0.20809681713581085,6.254131317138672
20.48187392638319,-5875.07364870241,7094124.926351298,32.163765570678464,2.4296866278605487,29.734078942817916,0.10113525390625,0.21395428478717804,6.508368492126465
20.56721506774312,-5881.57420966008,7094118.42579034,32.12024528179611,2.088181579234983,30.032063702561125,0.09408307820558548,0.21395428478717804,7.1361894607543945
20.65255620910305,-5874.873631442173,7094125.126368558,32.9239217190693,3.177793502793671,29.74612821627563,0.09061039239168167,0.21395428478717804,7.462859153747559
20.73789735046298,-5874.873631442173,7094125.126368558,34.70314130318136,2.407300859244104,32.29584044393726,0.08593592047691345,0.21395428478717804,7.922924995422363
20.82323849182291,-5874.906967652213,7094125.093032348,31.829021100567118,0.5090082537654872,31.32001284680163,0.08129417896270752,0.20738618075847626,8.134407043457031
20.90857963318284,-5888.208115457907,7094111.791884542,32.67829209680294,-1.161759080069603,33.84005117687254,0.08361255377531052,0.20795929431915283,7.91413688659668
20.99392077454277,-5874.973640072291,7094125.026359928,31.382784437199774,-1.0889355753887304,32.471720012588506,0.08122668415307999,0.20795929431915283,8.165592193603516
21.0792619159027,-5874.906967652213,7094125.093032348,30.935867286592543,-0.8082631054029739,31.74413039199552,0.07884395122528076,0.20795929431915283,8.424198150634766
21.164603057262628,-5874.873631442173,7094125.126368558,30.980237623790586,-0.49119293355826127,31.471430557348846,0.0750717967748642,0.20795929431915283,8.850029945373535
21.249944198622558,-5913.14360056733,7094086.856399433,31.203035065457843,-0.4518667216736308,31.654901787131475,0.06807953119277954,0.2070005238056183,9.659097671508789
21.335285339982487,-5883.141011531929,7094116.858988469,25.404119804049724,-1.1416725367504772,26.5457923408002,0.060624461621046066,0.2070005238056183,10.666470527648926
21.42062648134242,-5876.173743633707,7094123.826256366,26.548310404563477,-1.529993322078016,28.078303726641494,0.051286958158016205,0.20846611261367798,12.180570602416992
21.50596762270235,-5876.207079843747,7094123.792920156,25.75180606626106,0.8858692954066799,24.865936770854383,0.04630177468061447,0.20846611261367798,13.068756103515625
21.59130876406228,-5875.940390163432,7094124.059609837,24.680358860883466,1.5100085871519169,23.17035027373155,0.04828476905822754,0.20846611261367798,12.704505920410156
21.67664990542221,-5889.474891439402,7094110.525108561,26.12272772155716,1.461493227458595,24.661234494098565,0.045991431921720505,0.20846611261367798,13.12717056274414
21.76199104678214,-5889.474891439402,7094110.525108561,24.857935671808388,1.0415669524144056,23.81636871939398,0.04098609462380409,0.18919938802719116,13.285663604736328
21.84733218814207,-5889.474891439402,7094110.525108561,16.133157800769553,-0.2829967047669725,16.416154505536525,0.03906978666782379,0.16353291273117065,12.435282707214355
21.932673329502,-5941.479379100766,7094058.520620899,12.97241711772154,0.8742266412810553,12.098190476440484,0.03645129129290581,0.13687971234321594,11.492523193359375
22.018014470861928,-5960.514355033227,7094039.485644966,14.016977039599428,1.8775827376202607,12.139394301979168,0.03867407515645027,0.13687971234321594,10.97838306427002
22.103355612221858,-5960.514355033227,7094039.485644966,13.816448300630476,1.8718353453099823,11.944612955320494,0.03987475484609604,0.13687971234321594,10.712821960449219
22.188696753581787,-5964.014657087357,7094035.985342912,13.52948418985898,1.9170477246770128,11.612436465181968,0.041241031140089035,0.13687971234321594,10.420190811157227
22.274037894941717,-5969.815157634202,7094030.184842366,13.94753812124316,1.8453497137614752,12.102188407481684,0.05235407501459122,0.19853758811950684,11.577844619750977
22.35937903630165,-5879.8740629480735,7094120.125937052,31.92279097064892,2.899223889393397,29.02356708125552,0.06723985821008682,0.19905517995357513,9.426934242248535
22.44472017766158,-5879.8740629480735,7094120.125937052,36.54735090289678,2.722316727685614,33.825034175211165,0.06999921053647995,0.19905517995357513,9.077607154846191
22.53006131902151,-5879.840726738034,7094120.159273262,30.457333759259562,3.14674508079253,27.31058867846703,0.08028334379196167,0.19905517995357513,7.886960983276367
22.61540246038144,-5880.107416418349,7094119.892583582,29.181964976494406,3.1501788705192495,26.031786105975158,0.08345774561166763,0.19905517995357513,7.550136566162109
22.70074360174137,-5880.107416418349,7094119.892583582,36.47160507784037,2.740280025189203,33.73132505265117,0.08111138641834259,0.19905050098896027,7.797628402709961
22.7860847431013,-5880.07408020831,7094119.925919792,36.070051899805115,2.5667970676181695,33.50325483218695,0.08739977329969406,0.19905050098896027,7.149059295654297
22.871425884461228,-5876.407097103983,7094123.592902896,31.66222859235851,2.6185756344775033,29.043652957881008,0.08859968930482864,0.20092658698558807,7.112104415893555
22.956767025821158,-5876.373760893944,7094123.626239106,36.157363459042536,2.2317339214886633,33.925629537553874,0.09682667255401611,0.20092658698558807,6.340847969055176
23.042108167181087,-5879.740718107916,7094120.259281892,39.33925686105428,1.2776876313228487,38.06156922973143,0.09744241833686829,0.20150071382522583,6.310570240020752
23.127449308541017,-5879.607373267759,7094120.392626733,37.21954212262544,0.7042788580193524,36.51526326460609,0.09145036339759827,0.20621763169765472,7.062807559967041
23.212790449900947,-5876.273752263825,7094123.726247736,30.441932262943215,2.4617390305764904,27.980193232366723,0.08050046861171722,0.20621763169765472,8.170548439025879
23.298131591260876,-5878.273924866186,7094121.726075134,19.637614118818004,3.0873481644195078,16.550265954398498,0.06771741807460785,0.20621763169765472,9.672507286071777
23.38347273262081,-5879.207338747287,7094120.792661252,25.19092370655681,1.9385339422490617,23.252389764307747,0.059823375195264816,0.20621763169765472,10.74909782409668
23.46881387398074,-5876.907140254572,7094123.092859745,28.353442589130374,2.2090707618322423,26.14437182729813,0.07100231200456619,0.2053460329771042,9.224276542663574
23.55415501534067,-5878.207252446107,7094121.792747553,34.095934104719184,4.907113253126413,29.188820851592773,0.07291483879089355,0.2053460329771042,8.993408203125
23.6394961567006,-5878.173916236067,7094121.8260837635,33.955786543072826,5.45433858622912,28.501447956843705,0.0785830020904541,0.2053460329771042,8.343153953552246
23.724837298060528,-5878.907312856933,7094121.092687143,34.410631728905514,3.252115252550091,31.158516476355423,0.09032230079174042,0.20859301090240479,7.270095348358154
23.810178439420458,-5879.04065769709,7094120.959342303,38.27695730155148,2.1151736413622393,36.161783660189236,0.10089461505413055,0.20859301090240479,6.308635711669922
23.895519580780388,-5879.2406749573265,7094120.759325042,40.081534599637706,1.3439056202163542,38.73762897942135,0.1134045422077179,0.20859301090240479,5.293385982513428
23.980860722140317,-5879.2406749573265,7094120.759325042,44.33679388726197,0.3679175592626804,43.96887632799929,0.11498129367828369,0.20859301090240479,5.1734514236450195
24.066201863500247,-5879.2406749573265,7094120.759325042,41.67892068909434,0.6034677230232888,41.075452966071055,0.11189040541648865,0.21016623079776764,5.475401878356934
24.151543004860176,-5879.340683587444,7094120.659316412,38.69526459184139,1.3545718534154507,37.340692738425936,0.1038365438580513,0.21016623079776764,6.124253749847412
24.236884146220106,-5879.207338747287,7094120.792661252,38.998947291820905,1.7718462094116618,37.22710108240924,0.08942911773920059,0.21016623079776764,7.421679496765137
24.322225287580036,-5879.207338747287,7094120.792661252,34.9405460138028,1.5151894674536184,33.425356546349185,0.08266495913267136,0.21016623079776764,8.104829788208008
24.40756642893997,-5878.607286966579,7094121.392713034,27.589862726072447,3.4379360533628964,24.15192667270955,0.07591648399829865,0.20892879366874695,8.793244361877441
24.4929075702999,-5877.440519615202,7094122.559480385,30.659434933722768,4.659278252820502,26.000156680902265,0.06905706971883774,0.20892879366874695,9.615802764892578
24.57824871165983,-5877.440519615202,7094122.559480385,23.533506762700334,6.082481984600763,17.451024778099573,0.07676117867231369,0.20892879366874695,8.697134017944336
24.663589853019758,-5881.607545870119,7094118.39245413,29.09346169589346,5.573327446481529,23.52013424941193,0.07562253624200821,0.20892669260501862,8.826854705810547
24.748930994379688,-5882.674304591378,7094117.3256954085,33.2286922456797,3.149546758953494,30.07914548672621,0.07734466344118118,0.20892669260501862,8.631271362304688
24.834272135739617,-5882.674304591378,7094117.3256954085,31.408818761502605,3.9420650093859146,27.46675375211669,0.07809606939554214,0.20777881145477295,8.499441146850586
24.919613277099547,-5875.173657332527,7094124.826342667,30.782442074922617,4.264472143462068,26.51796993146055,0.0749894380569458,0.20777881145477295,8.852023124694824
25.004954418459477,-5875.173657332527,7094124.826342667,32.25181136779343,3.2575366019452474,28.994274765848182,0.07029730081558228,0.20777881145477295,9.413252830505371
25.090295559819406,-5875.206993542567,7094124.793006457,29.649703283190107,1.8942835123430188,27.755419770847087,0.06733518093824387,0.2036055326461792,9.610950469970703
25.175636701179336,-5875.206993542567,7094124.793006457,27.503466143511496,2.071338016950344,25.432128126561153,0.07137750834226608,0.2029087245464325,9.074787139892578
25.260977842539265,-5880.474114728781,7094119.525885271,32.26371921770828,2.3359865975223544,29.927732620185925,0.07394736260175705,0.20842164754867554,9.000402450561523
25.3463189838992,-5875.373674592764,7094124.626325407,31.048931263908706,4.053539877222603,26.9953913866861,0.07236678898334503,0.20842164754867554,9.188070297241211
25.43166012525913,-5875.340338382724,7094124.659661617,27.932411692512286,4.685897902720202,23.246513789792083,0.0744374617934227,0.20842164754867554,8.943024635314941
25.517001266619058,-5878.507278336461,7094121.492721664,28.90342891250846,3.3324733865264666,25.570955525981994,0.07150229066610336,0.20842164754867554,9.292457580566406
25.602342407978988,-5876.3404246839045,7094123.659575316,34.44593064903594,1.9613665911174918,32.48456405791845,0.07168586552143097,0.20144882798194885,8.974624633789062
25.687683549338917,-5876.3404246839045,7094123.659575316,32.762913229039505,1.4065474688478856,31.35636576019162,0.07798794656991959,0.20144882798194885,8.242745399475098
25.773024690698847,-5877.107157514809,7094122.892842486,32.091007430433656,1.296379544484131,30.794627885949524,0.07855210453271866,0.20144882798194885,8.18013858795166
25.858365832058777,-5877.140493724848,7094122.8595062755,35.03955092619104,1.512366136243093,33.527184789947945,0.07982839643955231,0.20229382812976837,8.076504707336426
25.943706973418706,-5876.773795414416,7094123.226204585,28.714752682567507,1.3939438216305413,27.320808860936967,0.08027731627225876,0.20229382812976837,8.027795791625977
26.029048114778636,-5876.6404505742585,7094123.359549426,33.26858778022671,1.6614844974744787,31.60710328275223,0.0803428515791893,0.20229382812976837,8.020708084106445
26.114389256138566,-5876.6404505742585,7094123.359549426,36.24133800674247,1.9726460663952654,34.2686919403472,0.07867620140314102,0.20229382812976837,8.20278549194336
26.199730397498495,-5876.6404505742585,7094123.359549426,33.400130968506105,2.011394862444073,31.38873610606203,0.07519602030515671,0.20842918753623962,8.855274200439453
26.285071538858425,-5876.573778154179,7094123.426221846,30.9013714564203,1.356815988146249,29.54455546827405,0.07399535179138184,0.20842918753623962,8.995081901550293
26.370412680218358,-5875.340338382724,7094124.659661617,34.352381154689716,1.048634279458671,33.30374687523105,0.07394243776798248,0.20842918753623962,9.00129508972168
26.455753821578288,-5875.373674592764,7094124.626325407,38.480892082885404,1.208708616009562,37.272183466875845,0.07720238715410233,0.20842918753623962,8.626555442810059
26.541094962938217,-5875.373674592764,7094124.626325407,38.131109578193715,1.421392333226654,36.70971724496706,0.0832221582531929,0.20204748213291168,7.704289436340332
26.626436104298147,-5881.04083029945,7094118.959169701,34.533072098990914,2.0365048599929967,32.49656723899792,0.08418957144021988,0.20204748213291168,7.603902339935303
26.711777245658077,-5881.04083029945,7094118.959169701,33.41959043107384,1.209070896854814,32.21051953421903,0.07674302160739899,0.20204748213291168,8.40829086303711
26.797118387018006,-5876.407097103983,7094123.592902896,28.897280650291872,1.0250080080877972,27.872272642204074,0.07898300141096115,0.20204748213291168,8.15839672088623
26.882459528377936,-5878.07390760595,7094121.926092394,31.633537908011682,1.5264728729759027,30.10706503503578,0.07657060772180557,0.20051537454128265,8.361712455749512
26.967800669737866,-5878.04057139591,7094121.959428604,36.21894809835409,2.602264053078739,33.61668404527535,0.07888747751712799,0.20114490389823914,8.13001823425293
27.053141811097795,-5876.04039879355,7094123.959601207,32.271082710269155,3.420849457695873,28.850233252573283,0.08695610612630844,0.20142138004302979,7.296109676361084
27.138482952457725,-5876.107071213629,7094123.892928787,34.12906105123905,3.9442984274604607,30.18476262377859,0.08492211997509003,0.20489366352558136,7.650153636932373
27.223824093817655,-5876.140407423668,7094123.8595925765,34.39635464439788,3.7872503646086804,30.6091042797892,0.07968462258577347,0.20600055158138275,8.2498779296875
27.309165235177588,-5876.140407423668,7094123.8595925765,30.169651604775805,3.785349964533452,26.384301640242352,0.0792754665017128,0.20600055158138275,8.294590950012207
27.394506376537517,-5875.240329752606,7094124.759670247,30.26074827546681,3.2904765698432965,26.970271705623514,0.07977114617824554,0.20600055158138275,8.240450859069824
27.479847517897447,-5875.240329752606,7094124.759670247,34.25182345333391,1.4792548959948941,32.77256855733902,0.07815291732549667,0.2105197310447693,8.606952667236328
27.565188659257377,-5876.273752263825,7094123.726247736,34.23294537362331,2.634876706833068,31.59806866679024,0.0831214040517807,0.2105197310447693,8.071598052978516
27.650529800617306,-5877.873890345713,7094122.126109654,33.17299383344449,3.439671408596658,29.733322424847827,0.08018064498901367,0.2105197310447693,8.384465217590332
27.735870941977236,-5877.840554135674,7094122.159445864,33.38786432395952,1.892045472196838,31.49581885176268,0.07190148532390594,0.2105197310447693,9.331098556518555
27.821212083337166,-5875.307002172684,7094124.692997827,30.15257108017576,1.1450398892234621,29.0075311909523,0.06508129090070724,0.20149023830890656,9.815957069396973
27.906553224697095,-5875.240329752606,7094124.759670247,21.786815063062352,1.752984062631071,20.03383100043128,0.05467573180794716,0.21780946850776672,12.005642890930176
27.991894366057025,-5904.809548057497,7094095.190451942,14.982329382195056,3.1895041842025154,11.79282519799254,0.04850321263074875,0.21780946850776672,13.046123504638672
28.077235507416955,-5904.809548057497,7094095.190451942,16.14797365638973,4.074962413811555,12.073011242578175,0.04730925336480141,0.21780946850776672,13.262613296508789
28.162576648776884,-5894.675340205538,7094105.324659795,15.875661348617253,3.550668662936966,12.324992685680288,0.04710335657000542,0.21780946850776672,13.300498962402344
28.247917790136814,-5894.408650525224,7094105.591349475,14.87972114668596,1.5909567507471776,13.288764395938781,0.04508410394191742,0.21351951360702515,13.508282661437988
28.333258931496747,-5908.476531161824,7094091.523468838,14.528566701439479,1.9915970219310157,12.536969679508463,0.046483010053634644,0.21628029644489288,13.354454040527344
28.418600072856677,-5876.207079843747,7094123.792920156,26.46225191568297,3.1557836273633932,23.306468288319575,0.06399232894182205,0.21628029644489288,10.577781677246094
28.503941214216606,-5876.173743633707,7094123.826256366,36.80429065481954,3.9249757889844554,32.879314865835084,0.07342033088207245,0.21628029644489288,9.384013175964355
28.589282355576536,-5876.173743633707,7094123.826256366,38.25376456054286,3.3699012527644134,34.88386330777845,0.08363126963376999,0.21628029644489288,8.252964973449707
28.674623496936466,-5876.3070884738645,7094123.692911526,36.01662549345662,2.8426596617956337,33.173965831660986,0.08639557659626007,0.21400627493858337,7.878699779510498
28.759964638296395,-5876.3070884738645,7094123.692911526,33.44931078386892,3.3659684693161482,30.08334231455277,0.08371470868587494,0.21400627493858337,8.152494430541992
28.845305779656325,-5876.407097103983,7094123.592902896,30.42554404746379,3.1671184480097674,27.258425599454025,0.08339221030473709,0.20790252089500427,7.934685707092285
28.930646921016255,-5876.273752263825,7094123.726247736,28.78934729011284,2.4537334048583093,26.33561388525453,0.08188968151807785,0.20790252089500427,8.092611312866211
29.015988062376184,-5881.207511349647,7094118.79248865,32.12745179245463,2.637121228073977,29.490330564380653,0.08615751564502716,0.2064822018146515,7.591789245605469
29.101329203736114,-5876.373760893944,7094123.626239106,30.248339195243233,3.0366337629702502,27.211705432272982,0.08888961374759674,0.2064822018146515,7.320631980895996
29.186670345096044,-5876.6404505742585,7094123.359549426,38.795953873461826,1.2089854932262545,37.586968380235575,0.09260489791631699,0.2064822018146515,6.9649739265441895
29.272011486455973,-5876.607114364218,7094123.392885636,41.807375690644015,-0.6471874941907139,42.454563184834726,0.09797471016645432,0.20481859147548676,6.4051079750061035
29.357352627815906,-5876.607114364218,7094123.392885636,39.25119061300386,-0.8472481184513645,40.09843873145522,0.0996532142162323,0.20325244963169098,6.190889358520508
29.442693769175836,-5876.3404246839045,7094123.659575316,37.32613285085104,-0.8760527565873553,38.202185607438395,0.09750083088874817,0.20325244963169098,6.380549430847168
29.528034910535766,-5876.3404246839045,7094123.659575316,37.55345630607066,-0.9236173855467567,38.47707369161741,0.09897395968437195,0.20430587232112885,6.295197486877441
29.613376051895695,-5875.340338382724,7094124.659661617,36.639570764532515,-0.7196738097274016,37.35924457425992,0.09846200048923492,0.20487523078918457,6.364416122436523
